title;slug;image;Focus Keyword;SEO Title;Meta Description;Meta Keywords;Facebook Title;Twitter Title
ДХО;drl;http://ksenonspby.temp.swtest.ru/wp-content/uploads/2026/07/500px-incandescent_light_bulb.svg.png;ремонт фар дхо;Ремонт и тюнинг фар ДХО в СПб | КБ АВТО;Ремонт и тюнинг фар ДХО в Санкт-Петербурге — восстановление оптики, установка линз, устранение запотевания. КБ АВТО, Санкт-Петербург.;ремонт фар дхо, ремонт фар дхо спб, ремонт фар СПб, тюнинг оптики СПб, КБ АВТО;Ремонт и тюнинг фар ДХО в СПб | КБ АВТО;Ремонт и тюнинг фар ДХО в СПб | КБ АВТО
ACURA;acura;http://ksenonspby.temp.swtest.ru/wp-content/uploads/2026/07/500px-acura_logo.svg.png;ремонт фар acura;Ремонт и тюнинг фар ACURA в СПб | КБ АВТО;Ремонт и тюнинг фар ACURA в Санкт-Петербурге — восстановление оптики, установка линз, устранение запотевания. КБ АВТО, Санкт-Петербург.;ремонт фар acura, ремонт фар acura спб, ремонт фар СПб, тюнинг оптики СПб, КБ АВТО;Ремонт и тюнинг фар ACURA в СПб | КБ АВТО;Ремонт и тюнинг фар ACURA в СПб | КБ АВТО
AUDI;audi;http://ksenonspby.temp.swtest.ru/wp-content/uploads/2026/07/500px-audi-logo_2016.svg.png;ремонт фар audi;Ремонт и тюнинг фар AUDI в СПб | КБ АВТО;Ремонт и тюнинг фар AUDI в Санкт-Петербурге — восстановление оптики, установка линз, устранение запотевания. КБ АВТО, Санкт-Петербург.;ремонт фар audi, ремонт фар audi спб, ремонт фар СПб, тюнинг оптики СПб, КБ АВТО;Ремонт и тюнинг фар AUDI в СПб | КБ АВТО;Ремонт и тюнинг фар AUDI в СПб | КБ АВТО
BENTLEY;bentley;http://ksenonspby.temp.swtest.ru/wp-content/uploads/2026/07/bentley-logo.png;ремонт фар bentley;Ремонт и тюнинг фар BENTLEY в СПб | КБ АВТО;Ремонт и тюнинг фар BENTLEY в Санкт-Петербурге — восстановление оптики, установка линз, устранение запотевания. КБ АВТО, Санкт-Петербург.;ремонт фар bentley, ремонт фар bentley спб, ремонт фар СПб, тюнинг оптики СПб, КБ АВТО;Ремонт и тюнинг фар BENTLEY в СПб | КБ АВТО;Ремонт и тюнинг фар BENTLEY в СПб | КБ АВТО
BMW;bmw;http://ksenonspby.temp.swtest.ru/wp-content/uploads/2026/07/500px-bmw.svg.png;ремонт фар bmw;Ремонт и тюнинг фар BMW в СПб | КБ АВТО;Ремонт и тюнинг фар BMW в Санкт-Петербурге — восстановление оптики, установка линз, устранение запотевания. КБ АВТО, Санкт-Петербург.;ремонт фар bmw, ремонт фар bmw спб, ремонт фар СПб, тюнинг оптики СПб, КБ АВТО;Ремонт и тюнинг фар BMW в СПб | КБ АВТО;Ремонт и тюнинг фар BMW в СПб | КБ АВТО
CADILLAC;cadillac;http://ksenonspby.temp.swtest.ru/wp-content/uploads/2026/07/cadillac-logo.png;ремонт фар cadillac;Ремонт и тюнинг фар CADILLAC в СПб | КБ АВТО;Ремонт и тюнинг фар CADILLAC в Санкт-Петербурге — восстановление оптики, установка линз, устранение запотевания. КБ АВТО, Санкт-Петербург.;ремонт фар cadillac, ремонт фар cadillac спб, ремонт фар СПб, тюнинг оптики СПб, КБ АВТО;Ремонт и тюнинг фар CADILLAC в СПб | КБ АВТО;Ремонт и тюнинг фар CADILLAC в СПб | КБ АВТО
CHEVROLET;chevrolet;http://ksenonspby.temp.swtest.ru/wp-content/uploads/2026/07/500px-chevrolet-logo.png;ремонт фар chevrolet;Ремонт и тюнинг фар CHEVROLET в СПб | КБ АВТО;Ремонт и тюнинг фар CHEVROLET в Санкт-Петербурге — восстановление оптики, установка линз, устранение запотевания. КБ АВТО, Санкт-Петербург.;ремонт фар chevrolet, ремонт фар chevrolet спб, ремонт фар СПб, тюнинг оптики СПб, КБ АВТО;Ремонт и тюнинг фар CHEVROLET в СПб | КБ АВТО;Ремонт и тюнинг фар CHEVROLET в СПб | КБ АВТО
CHRYSLER;chrysler;http://ksenonspby.temp.swtest.ru/wp-content/uploads/2026/07/500px-chryply_blue_pentastar.svg.png;ремонт фар chrysler;Ремонт и тюнинг фар CHRYSLER в СПб | КБ АВТО;Ремонт и тюнинг фар CHRYSLER в Санкт-Петербурге — восстановление оптики, установка линз, устранение запотевания. КБ АВТО, Санкт-Петербург.;ремонт фар chrysler, ремонт фар chrysler спб, ремонт фар СПб, тюнинг оптики СПб, КБ АВТО;Ремонт и тюнинг фар CHRYSLER в СПб | КБ АВТО;Ремонт и тюнинг фар CHRYSLER в СПб | КБ АВТО
DODGE;dodge;http://ksenonspby.temp.swtest.ru/wp-content/uploads/2026/07/500px-dodge_logo.svg.png;ремонт фар dodge;Ремонт и тюнинг фар DODGE в СПб | КБ АВТО;Ремонт и тюнинг фар DODGE в Санкт-Петербурге — восстановление оптики, установка линз, устранение запотевания. КБ АВТО, Санкт-Петербург.;ремонт фар dodge, ремонт фар dodge спб, ремонт фар СПб, тюнинг оптики СПб, КБ АВТО;Ремонт и тюнинг фар DODGE в СПб | КБ АВТО;Ремонт и тюнинг фар DODGE в СПб | КБ АВТО
FERRARI;ferrari;http://ksenonspby.temp.swtest.ru/wp-content/uploads/2026/07/ferrari-logo.png;ремонт фар ferrari;Ремонт и тюнинг фар FERRARI в СПб | КБ АВТО;Ремонт и тюнинг фар FERRARI в Санкт-Петербурге — восстановление оптики, установка линз, устранение запотевания. КБ АВТО, Санкт-Петербург.;ремонт фар ferrari, ремонт фар ferrari спб, ремонт фар СПб, тюнинг оптики СПб, КБ АВТО;Ремонт и тюнинг фар FERRARI в СПб | КБ АВТО;Ремонт и тюнинг фар FERRARI в СПб | КБ АВТО
FORD;ford;http://ksenonspby.temp.swtest.ru/wp-content/uploads/2026/07/500px-ford_motor_company_logo.svg.png;ремонт фар ford;Ремонт и тюнинг фар FORD в СПб | КБ АВТО;Ремонт и тюнинг фар FORD в Санкт-Петербурге — восстановление оптики, установка линз, устранение запотевания. КБ АВТО, Санкт-Петербург.;ремонт фар ford, ремонт фар ford спб, ремонт фар СПб, тюнинг оптики СПб, КБ АВТО;Ремонт и тюнинг фар FORD в СПб | КБ АВТО;Ремонт и тюнинг фар FORD в СПб | КБ АВТО
HONDA;honda;http://ksenonspby.temp.swtest.ru/wp-content/uploads/2026/07/500px-honda.svg.png;ремонт фар honda;Ремонт и тюнинг фар HONDA в СПб | КБ АВТО;Ремонт и тюнинг фар HONDA в Санкт-Петербурге — восстановление оптики, установка линз, устранение запотевания. КБ АВТО, Санкт-Петербург.;ремонт фар honda, ремонт фар honda спб, ремонт фар СПб, тюнинг оптики СПб, КБ АВТО;Ремонт и тюнинг фар HONDA в СПб | КБ АВТО;Ремонт и тюнинг фар HONDA в СПб | КБ АВТО
HPL;hpl;http://ksenonspby.temp.swtest.ru/wp-content/uploads/2026/07/500px-incandescent_light_bulb.svg.png;ремонт фар hpl;Ремонт и тюнинг фар HPL в СПб | КБ АВТО;Ремонт и тюнинг фар HPL в Санкт-Петербурге — восстановление оптики, установка линз, устранение запотевания. КБ АВТО, Санкт-Петербург.;ремонт фар hpl, ремонт фар hpl спб, ремонт фар СПб, тюнинг оптики СПб, КБ АВТО;Ремонт и тюнинг фар HPL в СПб | КБ АВТО;Ремонт и тюнинг фар HPL в СПб | КБ АВТО
HUMMER;hummer;http://ksenonspby.temp.swtest.ru/wp-content/uploads/2026/07/500px-hummer.svg.png;ремонт фар hummer;Ремонт и тюнинг фар HUMMER в СПб | КБ АВТО;Ремонт и тюнинг фар HUMMER в Санкт-Петербурге — восстановление оптики, установка линз, устранение запотевания. КБ АВТО, Санкт-Петербург.;ремонт фар hummer, ремонт фар hummer спб, ремонт фар СПб, тюнинг оптики СПб, КБ АВТО;Ремонт и тюнинг фар HUMMER в СПб | КБ АВТО;Ремонт и тюнинг фар HUMMER в СПб | КБ АВТО
Hyundai;hyundai;http://ksenonspby.temp.swtest.ru/wp-content/uploads/2026/07/500px-hyundai_motor_company_logo.svg.png;ремонт фар hyundai;Ремонт и тюнинг фар Hyundai в СПб | КБ АВТО;Ремонт и тюнинг фар Hyundai в Санкт-Петербурге — восстановление оптики, установка линз, устранение запотевания. КБ АВТО, Санкт-Петербург.;ремонт фар hyundai, ремонт фар hyundai спб, ремонт фар СПб, тюнинг оптики СПб, КБ АВТО;Ремонт и тюнинг фар Hyundai в СПб | КБ АВТО;Ремонт и тюнинг фар Hyundai в СПб | КБ АВТО
INFINITI;infiniti;http://ksenonspby.temp.swtest.ru/wp-content/uploads/2026/07/infiniti-logo.png;ремонт фар infiniti;Ремонт и тюнинг фар INFINITI в СПб | КБ АВТО;Ремонт и тюнинг фар INFINITI в Санкт-Петербурге — восстановление оптики, установка линз, устранение запотевания. КБ АВТО, Санкт-Петербург.;ремонт фар infiniti, ремонт фар infiniti спб, ремонт фар СПб, тюнинг оптики СПб, КБ АВТО;Ремонт и тюнинг фар INFINITI в СПб | КБ АВТО;Ремонт и тюнинг фар INFINITI в СПб | КБ АВТО
JAGUAR;jaguar;http://ksenonspby.temp.swtest.ru/wp-content/uploads/2026/07/jaguar-logo.png;ремонт фар jaguar;Ремонт и тюнинг фар JAGUAR в СПб | КБ АВТО;Ремонт и тюнинг фар JAGUAR в Санкт-Петербурге — восстановление оптики, установка линз, устранение запотевания. КБ АВТО, Санкт-Петербург.;ремонт фар jaguar, ремонт фар jaguar спб, ремонт фар СПб, тюнинг оптики СПб, КБ АВТО;Ремонт и тюнинг фар JAGUAR в СПб | КБ АВТО;Ремонт и тюнинг фар JAGUAR в СПб | КБ АВТО
JEEP;jeep;http://ksenonspby.temp.swtest.ru/wp-content/uploads/2026/07/500px-jeep_logo.svg.png;ремонт фар jeep;Ремонт и тюнинг фар JEEP в СПб | КБ АВТО;Ремонт и тюнинг фар JEEP в Санкт-Петербурге — восстановление оптики, установка линз, устранение запотевания. КБ АВТО, Санкт-Петербург.;ремонт фар jeep, ремонт фар jeep спб, ремонт фар СПб, тюнинг оптики СПб, КБ АВТО;Ремонт и тюнинг фар JEEP в СПб | КБ АВТО;Ремонт и тюнинг фар JEEP в СПб | КБ АВТО
KIA;kia;http://ksenonspby.temp.swtest.ru/wp-content/uploads/2026/07/500px-kia_logo3.svg.png;ремонт фар kia;Ремонт и тюнинг фар KIA в СПб | КБ АВТО;Ремонт и тюнинг фар KIA в Санкт-Петербурге — восстановление оптики, установка линз, устранение запотевания. КБ АВТО, Санкт-Петербург.;ремонт фар kia, ремонт фар kia спб, ремонт фар СПб, тюнинг оптики СПб, КБ АВТО;Ремонт и тюнинг фар KIA в СПб | КБ АВТО;Ремонт и тюнинг фар KIA в СПб | КБ АВТО
KTM;ktm;http://ksenonspby.temp.swtest.ru/wp-content/uploads/2026/07/500px-ktm-logo.svg.png;ремонт фар ktm;Ремонт и тюнинг фар KTM в СПб | КБ АВТО;Ремонт и тюнинг фар KTM в Санкт-Петербурге — восстановление оптики, установка линз, устранение запотевания. КБ АВТО, Санкт-Петербург.;ремонт фар ktm, ремонт фар ktm спб, ремонт фар СПб, тюнинг оптики СПб, КБ АВТО;Ремонт и тюнинг фар KTM в СПб | КБ АВТО;Ремонт и тюнинг фар KTM в СПб | КБ АВТО
Land Rover;land-rover;http://ksenonspby.temp.swtest.ru/wp-content/uploads/2026/07/land-rover-logo.png;ремонт фар land rover;Ремонт и тюнинг фар Land Rover в СПб | КБ АВТО;Ремонт и тюнинг фар Land Rover в Санкт-Петербурге — восстановление оптики, установка линз, устранение запотевания. КБ АВТО, Санкт-Петербург.;ремонт фар land rover, ремонт фар land rover спб, ремонт фар СПб, тюнинг оптики СПб, КБ АВТО;Ремонт и тюнинг фар Land Rover в СПб | КБ АВТО;Ремонт и тюнинг фар Land Rover в СПб | КБ АВТО
LEXUS;lexus;http://ksenonspby.temp.swtest.ru/wp-content/uploads/2026/07/lexus-logo.png;ремонт фар lexus;Ремонт и тюнинг фар LEXUS в СПб | КБ АВТО;Ремонт и тюнинг фар LEXUS в Санкт-Петербурге — восстановление оптики, установка линз, устранение запотевания. КБ АВТО, Санкт-Петербург.;ремонт фар lexus, ремонт фар lexus спб, ремонт фар СПб, тюнинг оптики СПб, КБ АВТО;Ремонт и тюнинг фар LEXUS в СПб | КБ АВТО;Ремонт и тюнинг фар LEXUS в СПб | КБ АВТО
Maserati;maserati;http://ksenonspby.temp.swtest.ru/wp-content/uploads/2026/07/maserati-logo.png;ремонт фар maserati;Ремонт и тюнинг фар Maserati в СПб | КБ АВТО;Ремонт и тюнинг фар Maserati в Санкт-Петербурге — восстановление оптики, установка линз, устранение запотевания. КБ АВТО, Санкт-Петербург.;ремонт фар maserati, ремонт фар maserati спб, ремонт фар СПб, тюнинг оптики СПб, КБ АВТО;Ремонт и тюнинг фар Maserati в СПб | КБ АВТО;Ремонт и тюнинг фар Maserati в СПб | КБ АВТО
Maybach;maybach;http://ksenonspby.temp.swtest.ru/wp-content/uploads/2026/07/500px-maybach-logo.svg.png;ремонт фар maybach;Ремонт и тюнинг фар Maybach в СПб | КБ АВТО;Ремонт и тюнинг фар Maybach в Санкт-Петербурге — восстановление оптики, установка линз, устранение запотевания. КБ АВТО, Санкт-Петербург.;ремонт фар maybach, ремонт фар maybach спб, ремонт фар СПб, тюнинг оптики СПб, КБ АВТО;Ремонт и тюнинг фар Maybach в СПб | КБ АВТО;Ремонт и тюнинг фар Maybach в СПб | КБ АВТО
MAZDA;mazda;http://ksenonspby.temp.swtest.ru/wp-content/uploads/2026/07/mazda-logo.png;ремонт фар mazda;Ремонт и тюнинг фар MAZDA в СПб | КБ АВТО;Ремонт и тюнинг фар MAZDA в Санкт-Петербурге — восстановление оптики, установка линз, устранение запотевания. КБ АВТО, Санкт-Петербург.;ремонт фар mazda, ремонт фар mazda спб, ремонт фар СПб, тюнинг оптики СПб, КБ АВТО;Ремонт и тюнинг фар MAZDA в СПб | КБ АВТО;Ремонт и тюнинг фар MAZDA в СПб | КБ АВТО
MERCEDES;mercedes;http://ksenonspby.temp.swtest.ru/wp-content/uploads/2026/07/mercedes-benz-logo.png;ремонт фар mercedes;Ремонт и тюнинг фар MERCEDES в СПб | КБ АВТО;Ремонт и тюнинг фар MERCEDES в Санкт-Петербурге — восстановление оптики, установка линз, устранение запотевания. КБ АВТО, Санкт-Петербург.;ремонт фар mercedes, ремонт фар mercedes спб, ремонт фар СПб, тюнинг оптики СПб, КБ АВТО;Ремонт и тюнинг фар MERCEDES в СПб | КБ АВТО;Ремонт и тюнинг фар MERCEDES в СПб | КБ АВТО
MINI;mini;http://ksenonspby.temp.swtest.ru/wp-content/uploads/2026/07/mini-logo.png;ремонт фар mini;Ремонт и тюнинг фар MINI в СПб | КБ АВТО;Ремонт и тюнинг фар MINI в Санкт-Петербурге — восстановление оптики, установка линз, устранение запотевания. КБ АВТО, Санкт-Петербург.;ремонт фар mini, ремонт фар mini спб, ремонт фар СПб, тюнинг оптики СПб, КБ АВТО;Ремонт и тюнинг фар MINI в СПб | КБ АВТО;Ремонт и тюнинг фар MINI в СПб | КБ АВТО
MITSUBISHI;mitsubishi;http://ksenonspby.temp.swtest.ru/wp-content/uploads/2026/07/500px-mitsubishi_logo.svg.png;ремонт фар mitsubishi;Ремонт и тюнинг фар MITSUBISHI в СПб | КБ АВТО;Ремонт и тюнинг фар MITSUBISHI в Санкт-Петербурге — восстановление оптики, установка линз, устранение запотевания. КБ АВТО, Санкт-Петербург.;ремонт фар mitsubishi, ремонт фар mitsubishi спб, ремонт фар СПб, тюнинг оптики СПб, КБ АВТО;Ремонт и тюнинг фар MITSUBISHI в СПб | КБ АВТО;Ремонт и тюнинг фар MITSUBISHI в СПб | КБ АВТО
NISSAN;nissan;http://ksenonspby.temp.swtest.ru/wp-content/uploads/2026/07/500px-nissan_logo.svg.png;ремонт фар nissan;Ремонт и тюнинг фар NISSAN в СПб | КБ АВТО;Ремонт и тюнинг фар NISSAN в Санкт-Петербурге — восстановление оптики, установка линз, устранение запотевания. КБ АВТО, Санкт-Петербург.;ремонт фар nissan, ремонт фар nissan спб, ремонт фар СПб, тюнинг оптики СПб, КБ АВТО;Ремонт и тюнинг фар NISSAN в СПб | КБ АВТО;Ремонт и тюнинг фар NISSAN в СПб | КБ АВТО
OPEL;opel;http://ksenonspby.temp.swtest.ru/wp-content/uploads/2026/07/500px-opel_logo_2023.svg.png;ремонт фар opel;Ремонт и тюнинг фар OPEL в СПб | КБ АВТО;Ремонт и тюнинг фар OPEL в Санкт-Петербурге — восстановление оптики, установка линз, устранение запотевания. КБ АВТО, Санкт-Петербург.;ремонт фар opel, ремонт фар opel спб, ремонт фар СПб, тюнинг оптики СПб, КБ АВТО;Ремонт и тюнинг фар OPEL в СПб | КБ АВТО;Ремонт и тюнинг фар OPEL в СПб | КБ АВТО
PEUGEOT;peugeot;http://ksenonspby.temp.swtest.ru/wp-content/uploads/2026/07/peugeot-logo.png;ремонт фар peugeot;Ремонт и тюнинг фар PEUGEOT в СПб | КБ АВТО;Ремонт и тюнинг фар PEUGEOT в Санкт-Петербурге — восстановление оптики, установка линз, устранение запотевания. КБ АВТО, Санкт-Петербург.;ремонт фар peugeot, ремонт фар peugeot спб, ремонт фар СПб, тюнинг оптики СПб, КБ АВТО;Ремонт и тюнинг фар PEUGEOT в СПб | КБ АВТО;Ремонт и тюнинг фар PEUGEOT в СПб | КБ АВТО
PORSCHE;porsche;http://ksenonspby.temp.swtest.ru/wp-content/uploads/2026/07/porsche-logo.png;ремонт фар porsche;Ремонт и тюнинг фар PORSCHE в СПб | КБ АВТО;Ремонт и тюнинг фар PORSCHE в Санкт-Петербурге — восстановление оптики, установка линз, устранение запотевания. КБ АВТО, Санкт-Петербург.;ремонт фар porsche, ремонт фар porsche спб, ремонт фар СПб, тюнинг оптики СПб, КБ АВТО;Ремонт и тюнинг фар PORSCHE в СПб | КБ АВТО;Ремонт и тюнинг фар PORSCHE в СПб | КБ АВТО
RENAULT;renault;http://ksenonspby.temp.swtest.ru/wp-content/uploads/2026/07/renault-logo.png;ремонт фар renault;Ремонт и тюнинг фар RENAULT в СПб | КБ АВТО;Ремонт и тюнинг фар RENAULT в Санкт-Петербурге — восстановление оптики, установка линз, устранение запотевания. КБ АВТО, Санкт-Петербург.;ремонт фар renault, ремонт фар renault спб, ремонт фар СПб, тюнинг оптики СПб, КБ АВТО;Ремонт и тюнинг фар RENAULT в СПб | КБ АВТО;Ремонт и тюнинг фар RENAULT в СПб | КБ АВТО
Rolls-Royce;rolls-royce;http://ksenonspby.temp.swtest.ru/wp-content/uploads/2026/07/500px-rolls-royce_motor_cars_logo.svg.png;ремонт фар rolls-royce;Ремонт и тюнинг фар Rolls-Royce в СПб | КБ АВТО;Ремонт и тюнинг фар Rolls-Royce в Санкт-Петербурге — восстановление оптики, установка линз, устранение запотевания. КБ АВТО, Санкт-Петербург.;ремонт фар rolls-royce, ремонт фар rolls-royce спб, ремонт фар СПб, тюнинг оптики СПб, КБ АВТО;Ремонт и тюнинг фар Rolls-Royce в СПб | КБ АВТО;Ремонт и тюнинг фар Rolls-Royce в СПб | КБ АВТО
SAAB;saab;http://ksenonspby.temp.swtest.ru/wp-content/uploads/2026/07/saab-logo.png;ремонт фар saab;Ремонт и тюнинг фар SAAB в СПб | КБ АВТО;Ремонт и тюнинг фар SAAB в Санкт-Петербурге — восстановление оптики, установка линз, устранение запотевания. КБ АВТО, Санкт-Петербург.;ремонт фар saab, ремонт фар saab спб, ремонт фар СПб, тюнинг оптики СПб, КБ АВТО;Ремонт и тюнинг фар SAAB в СПб | КБ АВТО;Ремонт и тюнинг фар SAAB в СПб | КБ АВТО
Skoda;skoda;http://ksenonspby.temp.swtest.ru/wp-content/uploads/2026/07/skoda-logo.png;ремонт фар skoda;Ремонт и тюнинг фар Skoda в СПб | КБ АВТО;Ремонт и тюнинг фар Skoda в Санкт-Петербурге — восстановление оптики, установка линз, устранение запотевания. КБ АВТО, Санкт-Петербург.;ремонт фар skoda, ремонт фар skoda спб, ремонт фар СПб, тюнинг оптики СПб, КБ АВТО;Ремонт и тюнинг фар Skoda в СПб | КБ АВТО;Ремонт и тюнинг фар Skoda в СПб | КБ АВТО
SsangYong;ssangyong;http://ksenonspby.temp.swtest.ru/wp-content/uploads/2026/07/ssangyong-logo.png;ремонт фар ssangyong;Ремонт и тюнинг фар SsangYong в СПб | КБ АВТО;Ремонт и тюнинг фар SsangYong в Санкт-Петербурге — восстановление оптики, установка линз, устранение запотевания. КБ АВТО, Санкт-Петербург.;ремонт фар ssangyong, ремонт фар ssangyong спб, ремонт фар СПб, тюнинг оптики СПб, КБ АВТО;Ремонт и тюнинг фар SsangYong в СПб | КБ АВТО;Ремонт и тюнинг фар SsangYong в СПб | КБ АВТО
SUBARU;subaru;http://ksenonspby.temp.swtest.ru/wp-content/uploads/2026/07/subaru-logo.png;ремонт фар subaru;Ремонт и тюнинг фар SUBARU в СПб | КБ АВТО;Ремонт и тюнинг фар SUBARU в Санкт-Петербурге — восстановление оптики, установка линз, устранение запотевания. КБ АВТО, Санкт-Петербург.;ремонт фар subaru, ремонт фар subaru спб, ремонт фар СПб, тюнинг оптики СПб, КБ АВТО;Ремонт и тюнинг фар SUBARU в СПб | КБ АВТО;Ремонт и тюнинг фар SUBARU в СПб | КБ АВТО
SUZUKI;suzuki;http://ksenonspby.temp.swtest.ru/wp-content/uploads/2026/07/suzuki-logo.png;ремонт фар suzuki;Ремонт и тюнинг фар SUZUKI в СПб | КБ АВТО;Ремонт и тюнинг фар SUZUKI в Санкт-Петербурге — восстановление оптики, установка линз, устранение запотевания. КБ АВТО, Санкт-Петербург.;ремонт фар suzuki, ремонт фар suzuki спб, ремонт фар СПб, тюнинг оптики СПб, КБ АВТО;Ремонт и тюнинг фар SUZUKI в СПб | КБ АВТО;Ремонт и тюнинг фар SUZUKI в СПб | КБ АВТО
TOYOTA;toyota;http://ksenonspby.temp.swtest.ru/wp-content/uploads/2026/07/500px-toyota.svg.png;ремонт фар toyota;Ремонт и тюнинг фар TOYOTA в СПб | КБ АВТО;Ремонт и тюнинг фар TOYOTA в Санкт-Петербурге — восстановление оптики, установка линз, устранение запотевания. КБ АВТО, Санкт-Петербург.;ремонт фар toyota, ремонт фар toyota спб, ремонт фар СПб, тюнинг оптики СПб, КБ АВТО;Ремонт и тюнинг фар TOYOTA в СПб | КБ АВТО;Ремонт и тюнинг фар TOYOTA в СПб | КБ АВТО
Volkswagen;vw;http://ksenonspby.temp.swtest.ru/wp-content/uploads/2026/07/500px-volkswagen_logo_2019.svg.png;ремонт фар volkswagen;Ремонт и тюнинг фар Volkswagen в СПб | КБ АВТО;Ремонт и тюнинг фар Volkswagen в Санкт-Петербурге — восстановление оптики, установка линз, устранение запотевания. КБ АВТО, Санкт-Петербург.;ремонт фар volkswagen, ремонт фар volkswagen спб, ремонт фар СПб, тюнинг оптики СПб, КБ АВТО;Ремонт и тюнинг фар Volkswagen в СПб | КБ АВТО;Ремонт и тюнинг фар Volkswagen в СПб | КБ АВТО
VOLVO;volvo;http://ksenonspby.temp.swtest.ru/wp-content/uploads/2026/07/500px-volvo_logo.svg.png;ремонт фар volvo;Ремонт и тюнинг фар VOLVO в СПб | КБ АВТО;Ремонт и тюнинг фар VOLVO в Санкт-Петербурге — восстановление оптики, установка линз, устранение запотевания. КБ АВТО, Санкт-Петербург.;ремонт фар volvo, ремонт фар volvo спб, ремонт фар СПб, тюнинг оптики СПб, КБ АВТО;Ремонт и тюнинг фар VOLVO в СПб | КБ АВТО;Ремонт и тюнинг фар VOLVO в СПб | КБ АВТО